{
  "app.go": 1776513492.9589894,
  "app_common_io.go": 1776383123.2581327,
  "asset_local_handler.go": 1776390192.4740002,
  "config_crypto.go": 1776400545.3500762,
  "config_paths.go": 1776507578.7568862,
  "config_store.go": 1776513509.298633,
  "config_store_test.go": 1776513517.717822,
  "config_types.go": 1776513492.863496,
  "crop_icon.py": 1776507327.6813629,
  "crop_icon2.py": 1776507404.2785833,
  "gateway_openai_compat_test.go": 1776485451.0635805,
  "gateway_retry_test.go": 1776507001.190517,
  "gateway_service.go": 1776510994.3881438,
  "gateway_service_test.go": 1776485451.0623724,
  "main.go": 1776390192.4188738,
  "ocr_gateway_service.go": 1776506876.7605119,
  "openai_compatible_http.go": 1776485370.407574,
  "pdf_document_types.go": 1776505319.0440185,
  "pdf_service.go": 1776505503.9384873,
  "pdf_translate_http.go": 1776405012.0708435,
  "pdf_translate_manual_integration_test.go": 1776501462.2560594,
  "pdf_translate_runtime.go": 1776484606.8800504,
  "pdf_translate_service.go": 1776484559.8795,
  "provider_models_service.go": 1776506876.7605119,
  "rounded_corners.py": 1776507508.0143993,
  "runtime_dialog.go": 1776484606.8800504,
  "runtime_import_progress.go": 1776484249.952806,
  "zotero_service.go": 1776222731.5844617,
  "zotero_types.go": 1776215488.1770582,
  "frontend\\postcss.config.js": 1776183721.181731,
  "frontend\\vite.config.ts": 1776223917.5199313,
  "frontend\\src\\App.tsx": 1776512377.8438022,
  "frontend\\src\\main.tsx": 1776181505.7633579,
  "frontend\\src\\vite-env.d.ts": 1776181505.764609,
  "frontend\\src\\api\\config.ts": 1776511044.9280083,
  "frontend\\src\\api\\gateway.ts": 1776511061.8978765,
  "frontend\\src\\api\\history.ts": 1776508623.3098476,
  "frontend\\src\\api\\notes.ts": 1776508643.7787173,
  "frontend\\src\\api\\pdf.ts": 1776505592.6723578,
  "frontend\\src\\api\\pdfTranslate.ts": 1776405026.0614202,
  "frontend\\src\\api\\phase6.ts": 1776298456.837895,
  "frontend\\src\\api\\workspace.ts": 1776512189.698446,
  "frontend\\src\\api\\zotero.ts": 1776219749.18793,
  "frontend\\src\\components\\DualPdfReader.tsx": 1776411162.7470012,
  "frontend\\src\\components\\HomePage.tsx": 1776512282.5333464,
  "frontend\\src\\components\\MarkdownPreview.tsx": 1776252740.4873593,
  "frontend\\src\\components\\ModelDiscoveryModal.tsx": 1776245780.496811,
  "frontend\\src\\components\\ReaderAIPanel.tsx": 1776513492.7520468,
  "frontend\\src\\components\\ReaderTab.tsx": 1776508737.8460124,
  "frontend\\src\\components\\ui\\Button.tsx": 1776223994.4723122,
  "frontend\\src\\lib\\aiCatalog.ts": 1776259925.3277862,
  "frontend\\src\\lib\\errors.ts": 1776482408.6971586,
  "frontend\\src\\lib\\paperFigurePrompt.ts": 1776260531.0552292,
  "frontend\\src\\lib\\pdfContext.ts": 1776505655.8362184,
  "frontend\\src\\lib\\pdfDocument.ts": 1776252321.8682952,
  "frontend\\src\\lib\\pdfFigures.ts": 1776263022.78554,
  "frontend\\src\\lib\\pdfOutline.ts": 1776252355.2934358,
  "frontend\\src\\lib\\pdfSource.ts": 1776237849.993758,
  "frontend\\src\\lib\\pdfText.ts": 1776252167.3783178,
  "frontend\\src\\lib\\pdfTranslatePerformance.ts": 1776414103.3015716,
  "frontend\\src\\lib\\pdfTranslatePresentation.ts": 1776501418.9841626,
  "frontend\\src\\lib\\pdfUrl.ts": 1776237170.1871266,
  "frontend\\src\\lib\\utils.ts": 1776223994.592092,
  "frontend\\src\\store\\configStore.ts": 1776482408.6981592,
  "frontend\\src\\store\\readerStore.ts": 1776299042.312232,
  "frontend\\src\\store\\tabStore.ts": 1776508643.9959517,
  "frontend\\src\\store\\workspaceStore.ts": 1776512214.3995538,
  "frontend\\src\\store\\zoteroStore.ts": 1776235240.1199632,
  "frontend\\src\\types\\config.ts": 1776484278.986755,
  "frontend\\src\\types\\drawing.ts": 1776217601.5293179,
  "frontend\\src\\types\\gateway.ts": 1776216472.258542,
  "frontend\\src\\types\\history.ts": 1776508622.958906,
  "frontend\\src\\types\\notes.ts": 1776508623.0726757,
  "frontend\\src\\types\\pdf.ts": 1776505577.9990633,
  "frontend\\src\\types\\pdfTranslate.ts": 1776501408.210468,
  "frontend\\src\\types\\workspace.ts": 1776513509.404697,
  "frontend\\src\\types\\zotero.ts": 1776215488.2077208,
  "frontend\\wailsjs\\go\\models.ts": 1776505820.177469,
  "frontend\\wailsjs\\go\\main\\App.d.ts": 1776505820.1697683,
  "frontend\\wailsjs\\go\\main\\App.js": 1776505820.1697683,
  "frontend\\wailsjs\\runtime\\runtime.d.ts": 1776505820.2030256,
  "frontend\\wailsjs\\runtime\\runtime.js": 1776505820.203881,
  "internal\\translator\\export_names.go": 1776501312.4603338,
  "internal\\translator\\export_names_test.go": 1776501462.2555294,
  "internal\\translator\\manager.go": 1776501341.854376,
  "internal\\translator\\manager_test.go": 1776423667.531604,
  "internal\\translator\\storage.go": 1776390223.4625442,
  "internal\\translator\\types.go": 1776501292.279227,
  "internal\\translator\\worker.go": 1776501301.7141147,
  "internal\\translator\\worker_nonwindows.go": 1776484437.5255284,
  "internal\\translator\\worker_test.go": 1776485451.0641005,
  "internal\\translator\\worker_windows.go": 1776484450.9840527,
  "python_worker\\worker.py": 1776501390.546492,
  "README.md": 1776507255.6029847,
  "THIRD_PARTY_NOTICES.md": 1776385385.3757994,
  "frontend\\src\\assets\\fonts\\OFL.txt": 1776181505.7532177,
  "graphify-out\\GRAPH_REPORT.md": 1776514971.3347385,
  "runtime\\pdf2zh-next\\windows-amd64\\README.md": 1776390924.8528519,
  "runtime\\pdf2zh-next\\windows-amd64\\_upstream_extract\\pdf2zh\\runtime\\LICENSE.txt": 1768674032.0,
  "third_party\\_typst_extract\\typst-x86_64-pc-windows-msvc\\README.md": 1765533548.0,
  "assets\\logo.png": 1776507508.2377295,
  "frontend\\src\\assets\\images\\logo-universal.png": 1776181505.7615018
}