{
  "app.go": 1776399875.7918336,
  "app_common_io.go": 1776383123.2581327,
  "asset_local_handler.go": 1776390192.4740002,
  "config_crypto.go": 1776400545.3500762,
  "config_paths.go": 1776390192.303993,
  "config_store.go": 1776400545.3991003,
  "config_store_test.go": 1776400568.2083251,
  "config_types.go": 1776258334.7638845,
  "gateway_service.go": 1776267149.180859,
  "gateway_service_test.go": 1776248153.5989475,
  "main.go": 1776390192.4188738,
  "ocr_gateway_service.go": 1776248037.4704497,
  "pdf_document_types.go": 1776229434.6326668,
  "pdf_service.go": 1776229451.0482302,
  "pdf_translate_http.go": 1776405012.0708435,
  "pdf_translate_manual_integration_test.go": 1776431723.2493877,
  "pdf_translate_runtime.go": 1776399464.55604,
  "pdf_translate_service.go": 1776423469.4793935,
  "provider_models_service.go": 1776245534.4800174,
  "zotero_service.go": 1776222731.5844617,
  "zotero_types.go": 1776215488.1770582,
  "frontend\\postcss.config.js": 1776183721.181731,
  "frontend\\vite.config.ts": 1776223917.5199313,
  "frontend\\src\\App.tsx": 1776415326.7273865,
  "frontend\\src\\main.tsx": 1776181505.7633579,
  "frontend\\src\\vite-env.d.ts": 1776181505.764609,
  "frontend\\src\\api\\config.ts": 1776260110.6476903,
  "frontend\\src\\api\\gateway.ts": 1776217601.531414,
  "frontend\\src\\api\\history.ts": 1776360600.342781,
  "frontend\\src\\api\\notes.ts": 1776218371.1092913,
  "frontend\\src\\api\\pdf.ts": 1776229479.1692965,
  "frontend\\src\\api\\pdfTranslate.ts": 1776405026.0614202,
  "frontend\\src\\api\\phase6.ts": 1776298456.837895,
  "frontend\\src\\api\\zotero.ts": 1776219749.18793,
  "frontend\\src\\components\\DualPdfReader.tsx": 1776411162.7470012,
  "frontend\\src\\components\\HomePage.tsx": 1776415326.7256389,
  "frontend\\src\\components\\MarkdownPreview.tsx": 1776252740.4873593,
  "frontend\\src\\components\\ModelDiscoveryModal.tsx": 1776245780.496811,
  "frontend\\src\\components\\ReaderAIPanel.tsx": 1776360855.784134,
  "frontend\\src\\components\\ReaderTab.tsx": 1776423527.3441868,
  "frontend\\src\\components\\ui\\Button.tsx": 1776223994.4723122,
  "frontend\\src\\lib\\aiCatalog.ts": 1776259925.3277862,
  "frontend\\src\\lib\\paperFigurePrompt.ts": 1776260531.0552292,
  "frontend\\src\\lib\\pdfContext.ts": 1776254598.7789044,
  "frontend\\src\\lib\\pdfDocument.ts": 1776252321.8682952,
  "frontend\\src\\lib\\pdfFigures.ts": 1776263022.78554,
  "frontend\\src\\lib\\pdfOutline.ts": 1776252355.2934358,
  "frontend\\src\\lib\\pdfSource.ts": 1776237849.993758,
  "frontend\\src\\lib\\pdfText.ts": 1776252167.3783178,
  "frontend\\src\\lib\\pdfTranslatePerformance.ts": 1776414103.3015716,
  "frontend\\src\\lib\\pdfTranslatePresentation.ts": 1776405316.8091004,
  "frontend\\src\\lib\\pdfUrl.ts": 1776237170.1871266,
  "frontend\\src\\lib\\utils.ts": 1776223994.592092,
  "frontend\\src\\store\\configStore.ts": 1776335340.124,
  "frontend\\src\\store\\readerStore.ts": 1776299042.312232,
  "frontend\\src\\store\\tabStore.ts": 1776230949.3731568,
  "frontend\\src\\store\\zoteroStore.ts": 1776235240.1199632,
  "frontend\\src\\types\\config.ts": 1776259850.8462496,
  "frontend\\src\\types\\drawing.ts": 1776217601.5293179,
  "frontend\\src\\types\\gateway.ts": 1776216472.258542,
  "frontend\\src\\types\\history.ts": 1776218380.713406,
  "frontend\\src\\types\\notes.ts": 1776218371.1067796,
  "frontend\\src\\types\\pdf.ts": 1776229468.79772,
  "frontend\\src\\types\\pdfTranslate.ts": 1776423527.2947607,
  "frontend\\src\\types\\zotero.ts": 1776215488.2077208,
  "frontend\\wailsjs\\go\\models.ts": 1776438296.5925882,
  "frontend\\wailsjs\\go\\main\\App.d.ts": 1776438296.5878155,
  "frontend\\wailsjs\\go\\main\\App.js": 1776438296.587293,
  "frontend\\wailsjs\\runtime\\runtime.d.ts": 1776438308.9621224,
  "frontend\\wailsjs\\runtime\\runtime.js": 1776438308.9621224,
  "internal\\translator\\manager.go": 1776423591.965151,
  "internal\\translator\\manager_test.go": 1776423667.531604,
  "internal\\translator\\storage.go": 1776390223.4625442,
  "internal\\translator\\types.go": 1776423469.437063,
  "internal\\translator\\worker.go": 1776423469.5246642,
  "python_worker\\worker.py": 1776423517.8989217,
  "README.md": 1776436463.1582634,
  "THIRD_PARTY_NOTICES.md": 1776385385.3757994,
  "frontend\\src\\assets\\fonts\\OFL.txt": 1776181505.7532177,
  "runtime\\pdf2zh-next\\windows-amd64\\README.md": 1776390924.8528519,
  "runtime\\pdf2zh-next\\windows-amd64\\_upstream_extract\\pdf2zh\\runtime\\LICENSE.txt": 1768674032.0,
  "third_party\\_typst_extract\\typst-x86_64-pc-windows-msvc\\README.md": 1765533548.0,
  "frontend\\src\\assets\\images\\logo-universal.png": 1776181505.7615018
}